{"cameraMode":{"drawMode":0,"name":"Shaded","section":"Shading Mode"},"sceneLighting":true,"audioPlay":false,"sceneViewState":{"showFog":true,"showMaterialUpdate":false,"showSkybox":true,"showFlares":true,"showImageEffects":true,"showParticleSystems":true},"in2DMode":false,"pivot":{"x":2.5915300846099855,"y":-2.2903239727020265,"z":0.48965150117874148},"rotation":{"x":0.1419663280248642,"y":0.8573008179664612,"z":-0.33006080985069277,"w":0.36874300241470339},"size":6.456510066986084,"orthographic":true}